{
    "ALL": {
        "ODONet": 0.7428842766910123,
        "SUTrack-B224": 0.731361766825256,
        "MambaLCT-256": 0.7175969813031284,
        "ODTrack-B384": 0.7324172251252035,
        "OSTrack-B384": 0.7112964630421784
    },
    "Camera Motion": {
        "ODONet": 0.7827351374954955,
        "SUTrack-B224": 0.7686297928554776,
        "MambaLCT-256": 0.7458340278254529,
        "ODTrack-B384": 0.7606861117498138,
        "OSTrack-B384": 0.73977111414143
    },
    "Aspect Ratio Change": {
        "ODONet": 0.729841876653775,
        "SUTrack-B224": 0.7203076905052218,
        "MambaLCT-256": 0.7037473585803814,
        "ODTrack-B384": 0.7194489344391383,
        "OSTrack-B384": 0.6961330766949483
    },
    "Low Resolution": {
        "ODONet": 0.6807726408895463,
        "SUTrack-B224": 0.6670887603301484,
        "MambaLCT-256": 0.6628163665675876,
        "ODTrack-B384": 0.6697647372317301,
        "OSTrack-B384": 0.6500455160183377
    },
    "Out-of-View": {
        "ODONet": 0.7023240254789168,
        "SUTrack-B224": 0.6801869811906397,
        "MambaLCT-256": 0.683771980181297,
        "ODTrack-B384": 0.692592035497179,
        "OSTrack-B384": 0.664457055550322
    },
    "Background Clutter": {
        "ODONet": 0.6780005316617101,
        "SUTrack-B224": 0.6634099654921016,
        "MambaLCT-256": 0.6444029377830516,
        "ODTrack-B384": 0.6655833727949138,
        "OSTrack-B384": 0.6272844753514052
    },
    "Motion Blur": {
        "ODONet": 0.7281621225008359,
        "SUTrack-B224": 0.7155231626847766,
        "MambaLCT-256": 0.7016720851334651,
        "ODTrack-B384": 0.7094965379069648,
        "OSTrack-B384": 0.689994753696344
    },
    "Illumination Variation": {
        "ODONet": 0.7314045632637963,
        "SUTrack-B224": 0.7261803032888045,
        "MambaLCT-256": 0.7133044368464722,
        "ODTrack-B384": 0.7284150282486155,
        "OSTrack-B384": 0.7138066287930633
    },
    "Deformation": {
        "ODONet": 0.7533124277660798,
        "SUTrack-B224": 0.7539131243914658,
        "MambaLCT-256": 0.7374734473863531,
        "ODTrack-B384": 0.7375095072652418,
        "OSTrack-B384": 0.7167063140483646
    },
    "Partial Occlusion": {
        "ODONet": 0.7163847268446021,
        "SUTrack-B224": 0.7090693505329944,
        "MambaLCT-256": 0.6918189796468791,
        "ODTrack-B384": 0.7070908322159998,
        "OSTrack-B384": 0.6845605763606085
    },
    "Viewpoint Change": {
        "ODONet": 0.7483667303736613,
        "SUTrack-B224": 0.7297264160874932,
        "MambaLCT-256": 0.7319201353171715,
        "ODTrack-B384": 0.7553041781012296,
        "OSTrack-B384": 0.7151396552511231
    },
    "Scale Variation": {
        "ODONet": 0.7401893415487979,
        "SUTrack-B224": 0.730418121082284,
        "MambaLCT-256": 0.715376964575273,
        "ODTrack-B384": 0.7297476168942312,
        "OSTrack-B384": 0.7084072704403734
    },
    "Full Occlusion": {
        "ODONet": 0.6606748815662066,
        "SUTrack-B224": 0.6435383622975235,
        "MambaLCT-256": 0.6360471165399866,
        "ODTrack-B384": 0.6507973578217259,
        "OSTrack-B384": 0.6279218467172417
    },
    "Rotation": {
        "ODONet": 0.7359541104270572,
        "SUTrack-B224": 0.7250772764962216,
        "MambaLCT-256": 0.7098925366150247,
        "ODTrack-B384": 0.7221941177109982,
        "OSTrack-B384": 0.7004709134463342
    },
    "Fast Motion": {
        "ODONet": 0.6338921465192947,
        "SUTrack-B224": 0.5874399327585935,
        "MambaLCT-256": 0.6086539935302161,
        "ODTrack-B384": 0.6056283899337249,
        "OSTrack-B384": 0.5911826058064157
    }
}